Date,Product,Sales,Profit,Units
2023-01-01,Product A,123,43.227607403179505,42
2023-01-01,Product B,181,49.99705190999988,20
2023-01-01,Product C,188,42.80175989769436,29
2023-01-01,Product D,152,43.04998840225277,17
2023-01-02,Product A,139,29.75270954064878,18
2023-01-02,Product B,92,27.22491409279419,44
2023-01-02,Product C,91,23.606804743991948,36
2023-01-02,Product D,93,26.539546216906764,32
2023-01-03,Product A,111,22.246004486340777,40
2023-01-03,Product B,190,55.771884809322295,19
2023-01-03,Product C,143,43.19002421779924,26
2023-01-03,Product D,109,39.83637011940006,24
2023-01-04,Product A,53,19.01174369747266,12
2023-01-04,Product B,87,18.902750835444774,46
2023-01-04,Product C,92,33.623261260651624,30
2023-01-04,Product D,54,20.0549524667625,10
2023-01-05,Product A,149,47.98565601789035,27
2023-01-05,Product B,43,10.007652461473114,38
2023-01-05,Product C,97,26.08639006612718,40
2023-01-05,Product D,57,12.163584491417907,23
2023-01-06,Product A,199,74.66273556104096,12
2023-01-06,Product B,61,17.25664172480357,25
2023-01-06,Product C,186,63.18756477119359,38
2023-01-06,Product D,137,33.77059647792101,12
2023-01-07,Product A,154,32.80234774854176,15
2023-01-07,Product B,116,43.479517790096395,29
2023-01-07,Product C,190,40.3744205926789,35
2023-01-07,Product D,78,24.25341584952112,44
2023-01-08,Product A,187,74.23832670827292,46
2023-01-08,Product B,141,54.61784907924388,43
2023-01-08,Product C,94,35.68063091218222,32
2023-01-08,Product D,59,16.081901487835722,46
2023-01-09,Product A,161,61.18604336424376,16
2023-01-09,Product B,117,36.568306924396566,12
2023-01-09,Product C,101,24.663990480167698,46
2023-01-09,Product D,148,43.08664866578676,41
2023-01-10,Product A,165,40.185609203995114,15
2023-01-10,Product B,100,26.055295533538196,44
2023-01-10,Product C,166,60.88923082292823,23
2023-01-10,Product D,105,39.45067177382173,36
2023-01-11,Product A,67,18.387875818477465,37
2023-01-11,Product B,158,62.39263787983792,36
2023-01-11,Product C,165,51.02971977115876,22
2023-01-11,Product D,113,28.27738668514954,33
2023-01-12,Product A,119,25.57254930910749,17
2023-01-12,Product B,190,55.09512171711684,37
2023-01-12,Product C,136,41.98819128162429,17
2023-01-12,Product D,68,16.84009410329564,47
2023-01-13,Product A,108,24.7367847996355,21
2023-01-13,Product B,88,32.564132066917075,36
2023-01-13,Product C,70,16.61791283152496,38
2023-01-13,Product D,85,17.059050950975617,45
2023-01-14,Product A,101,22.090146979814577,36
2023-01-14,Product B,133,34.93360663623931,16
2023-01-14,Product C,202,51.30865354872414,27
2023-01-14,Product D,157,42.22539449981523,48
2023-01-15,Product A,134,42.5763572171598,33
2023-01-15,Product B,79,29.54545651799699,40
2023-01-15,Product C,197,41.9263906396594,24
2023-01-15,Product D,116,45.55844174756396,33
2023-01-16,Product A,66,24.434618340432557,38
2023-01-16,Product B,128,49.06489515467254,27
2023-01-16,Product C,155,42.20557558326024,20
2023-01-16,Product D,99,36.863425615536066,19
2023-01-17,Product A,123,24.719445009959248,41
2023-01-17,Product B,172,57.250438893471284,17
2023-01-17,Product C,88,18.719638043196426,41
2023-01-17,Product D,130,42.19346529677378,40
2023-01-18,Product A,92,19.151138470919587,50
2023-01-18,Product B,137,43.447839841619334,24
2023-01-18,Product C,100,37.32210479350332,21
2023-01-18,Product D,129,45.95862547722681,28
2023-01-19,Product A,140,46.9270838657235,16
2023-01-19,Product B,54,11.788031650273727,41
2023-01-19,Product C,52,15.0247134103198,48
2023-01-19,Product D,120,24.616381370099376,47
2023-01-20,Product A,181,51.51467093275337,18
2023-01-20,Product B,74,28.262062435113858,39
2023-01-20,Product C,126,37.101901674322335,31
2023-01-20,Product D,137,39.66447412049933,50
2023-01-21,Product A,113,32.93710617734759,24
2023-01-21,Product B,41,8.621359259442606,30
2023-01-21,Product C,170,40.3010155896663,20
2023-01-21,Product D,174,57.12342887927231,36
2023-01-22,Product A,87,27.057186970748177,29
2023-01-22,Product B,180,59.54569162446008,19
2023-01-22,Product C,191,44.85926535595059,23
2023-01-22,Product D,197,41.66740117799702,36
2023-01-23,Product A,126,27.052565945287583,50
2023-01-23,Product B,149,43.42684397130071,49
2023-01-23,Product C,160,42.18646606784862,19
2023-01-23,Product D,61,14.876947992201124,34
2023-01-24,Product A,32,12.77233787159023,18
2023-01-24,Product B,193,45.34543898893893,37
2023-01-24,Product C,112,40.67815621905409,39
2023-01-24,Product D,102,23.67022326826317,43
2023-01-25,Product A,80,19.010444303406096,16
2023-01-25,Product B,155,60.15729421792353,41
2023-01-25,Product C,132,51.70961306732042,14
2023-01-25,Product D,75,20.389619299158717,23
2023-01-26,Product A,105,38.49477931368516,36
2023-01-26,Product B,87,28.036440206725818,26
2023-01-26,Product C,50,14.833228889322895,33
2023-01-26,Product D,196,67.26264952710707,48
2023-01-27,Product A,131,34.213115834175404,37
2023-01-27,Product B,205,63.05690784753524,22
2023-01-27,Product C,94,23.126317150042446,10
2023-01-27,Product D,95,21.24822076675277,45
2023-01-28,Product A,67,15.350539691303531,22
2023-01-28,Product B,179,47.43639759287288,13
2023-01-28,Product C,108,27.054723879248005,18
2023-01-28,Product D,99,19.837718267009887,44
2023-01-29,Product A,139,36.430572163645174,22
2023-01-29,Product B,146,31.980443234051815,10
2023-01-29,Product C,162,43.09305259446108,41
2023-01-29,Product D,53,11.081521717268648,43
2023-01-30,Product A,136,38.68739911435333,28
2023-01-30,Product B,78,25.532058114589493,38
2023-01-30,Product C,117,42.71002874900973,38
2023-01-30,Product D,90,31.422212685031603,47
2023-01-31,Product A,165,65.10846402885109,24
2023-01-31,Product B,49,14.0271855145356,26
2023-01-31,Product C,138,37.47035000875687,49
2023-01-31,Product D,176,62.00641790421102,33
2023-02-01,Product A,61,21.811571546118024,24
2023-02-01,Product B,173,43.08897575735939,23
2023-02-01,Product C,165,51.00442718086759,43
2023-02-01,Product D,188,47.2002241447909,12
2023-02-02,Product A,205,54.645349450955756,31
2023-02-02,Product B,72,15.560157345505843,37
2023-02-02,Product C,92,35.64845597706938,26
2023-02-02,Product D,68,22.829972772167956,43
2023-02-03,Product A,185,55.93570032979956,31
2023-02-03,Product B,78,16.084698754790313,22
2023-02-03,Product C,78,27.408515097989536,47
2023-02-03,Product D,149,58.811229786427745,43
2023-02-04,Product A,90,30.301842059253524,44
2023-02-04,Product B,164,56.18955594537996,38
2023-02-04,Product C,105,23.259688073125663,10
2023-02-04,Product D,171,67.71090164045916,21
2023-02-05,Product A,82,24.80767654393427,12
2023-02-05,Product B,166,65.50680909868235,27
2023-02-05,Product C,63,19.75785811234068,30
2023-02-05,Product D,174,47.483799803719755,27
2023-02-06,Product A,75,23.8356353427495,42
2023-02-06,Product B,152,39.03866600649539,38
2023-02-06,Product C,179,62.751465057456905,37
2023-02-06,Product D,55,19.55798211590863,12
2023-02-07,Product A,120,31.716730709033673,34
2023-02-07,Product B,164,39.556728376663145,41
2023-02-07,Product C,97,23.83401050312326,36
2023-02-07,Product D,171,40.91104037013374,22
2023-02-08,Product A,99,32.1226314960045,20
2023-02-08,Product B,132,30.192837748385873,50
2023-02-08,Product C,125,44.616910968209524,43
2023-02-08,Product D,146,35.06717294204372,49
2023-02-09,Product A,104,41.23698188917668,32
2023-02-09,Product B,166,47.185237989124175,27
2023-02-09,Product C,118,32.22472596635783,18
2023-02-09,Product D,89,34.85526833814182,40
2023-02-10,Product A,72,26.489485684722542,20
2023-02-10,Product B,118,44.022699603297895,13
2023-02-10,Product C,122,36.701721329642254,46
2023-02-10,Product D,178,57.56163665939146,12
2023-02-11,Product A,34,10.085613197370279,45
2023-02-11,Product B,185,53.613654550720945,12
2023-02-11,Product C,148,49.001350530809525,25
2023-02-11,Product D,77,21.28979110166404,11
2023-02-12,Product A,133,29.0345396194244,31
2023-02-12,Product B,41,12.948519006438236,44
2023-02-12,Product C,149,32.90805508289299,50
2023-02-12,Product D,161,38.21190696410069,21
2023-02-13,Product A,112,36.684961982378994,44
2023-02-13,Product B,157,55.83734231612751,48
2023-02-13,Product C,116,24.850584829952396,21
2023-02-13,Product D,140,44.294612015628715,16
2023-02-14,Product A,90,22.347098769746733,10
2023-02-14,Product B,188,61.19885970481913,19
2023-02-14,Product C,70,21.18425503637515,46
2023-02-14,Product D,124,30.02025358267108,42
2023-02-15,Product A,105,26.022844558251034,35
2023-02-15,Product B,98,32.410735999955435,26
2023-02-15,Product C,107,35.85403211002181,11
2023-02-15,Product D,193,40.26823076218305,35
2023-02-16,Product A,161,38.901852984775026,37
2023-02-16,Product B,176,51.21013141444454,35
2023-02-16,Product C,167,64.39807858570005,14
2023-02-16,Product D,149,52.70738375067022,45
2023-02-17,Product A,180,48.573178811593856,19
2023-02-17,Product B,179,44.96159243609285,23
2023-02-17,Product C,51,19.621936397616135,42
2023-02-17,Product D,174,54.45954342155939,21
2023-02-18,Product A,102,39.4465697365666,21
2023-02-18,Product B,183,54.79837581810591,43
2023-02-18,Product C,165,58.35591913806114,45
2023-02-18,Product D,151,35.27179646899651,36
2023-02-19,Product A,179,37.835439655935474,18
2023-02-19,Product B,107,24.567341147342283,48
2023-02-19,Product C,152,45.377490424183335,14
2023-02-19,Product D,162,41.99845573138434,20
2023-02-20,Product A,34,8.803948036637241,24
2023-02-20,Product B,177,50.93396335012306,17
2023-02-20,Product C,185,61.10839183785523,29
2023-02-20,Product D,115,37.74424750406919,50
2023-02-21,Product A,154,47.13629448280982,41
2023-02-21,Product B,111,27.66291957964413,27
2023-02-21,Product C,105,29.374901197196042,28
2023-02-21,Product D,30,6.3657024002206155,32
2023-02-22,Product A,107,35.001687794891566,39
2023-02-22,Product B,149,40.34583347266034,48
2023-02-22,Product C,104,22.058062657686886,16
2023-02-22,Product D,78,24.589346718874044,11
2023-02-23,Product A,174,52.40967546908637,20
2023-02-23,Product B,103,23.417391959260616,11
2023-02-23,Product C,203,57.05871085105666,25
2023-02-23,Product D,57,22.16217428896531,18
2023-02-24,Product A,167,39.33699608940543,42
2023-02-24,Product B,179,54.001465253626506,39
2023-02-24,Product C,150,34.17458153066752,40
2023-02-24,Product D,165,40.825161858493814,50
2023-02-25,Product A,154,51.2826348594816,16
2023-02-25,Product B,176,68.33129979853928,48
2023-02-25,Product C,97,37.48035612472492,13
2023-02-25,Product D,96,36.89814761682137,46
2023-02-26,Product A,181,48.40664069607953,13
2023-02-26,Product B,143,52.06459128442658,35
2023-02-26,Product C,93,35.466572148162875,39
2023-02-26,Product D,140,54.550995936083794,49
2023-02-27,Product A,96,31.479731726777842,22
2023-02-27,Product B,115,38.4905194872696,41
2023-02-27,Product C,168,54.59578756829955,40
2023-02-27,Product D,146,41.12940836663736,22
2023-02-28,Product A,185,48.29188816524045,17
2023-02-28,Product B,74,29.568619696406174,10
2023-02-28,Product C,170,44.737516859944165,43
2023-02-28,Product D,182,36.8591019155353,35
2023-03-01,Product A,112,38.31633043404561,18
2023-03-01,Product B,168,37.697635650193504,19
2023-03-01,Product C,135,37.37019767355139,45
2023-03-01,Product D,154,56.88423479192647,50
2023-03-02,Product A,101,38.97359362873333,10
2023-03-02,Product B,123,40.49815439136398,32
2023-03-02,Product C,171,67.55554375750351,36
2023-03-02,Product D,181,38.12686713235916,19
2023-03-03,Product A,157,46.55630325658372,29
2023-03-03,Product B,125,44.10000882073739,40
2023-03-03,Product C,192,52.984566876937066,17
2023-03-03,Product D,65,18.18949258123197,13
2023-03-04,Product A,61,15.821839356595707,43
2023-03-04,Product B,66,23.395707467464025,32
2023-03-04,Product C,185,61.608613577074756,33
2023-03-04,Product D,155,48.77731201725629,38
2023-03-05,Product A,124,27.204256497338463,35
2023-03-05,Product B,168,65.47709907689111,26
2023-03-05,Product C,149,35.11879317513721,12
2023-03-05,Product D,95,37.42750819117408,46
2023-03-06,Product A,184,70.46027930466036,16
2023-03-06,Product B,77,17.108407852251347,10
2023-03-06,Product C,197,66.20182057509501,25
2023-03-06,Product D,51,14.381022378004737,45
2023-03-07,Product A,69,27.597463063586826,15
2023-03-07,Product B,102,23.262913273296657,15
2023-03-07,Product C,99,29.600762973276712,34
2023-03-07,Product D,142,53.76965153617118,49
2023-03-08,Product A,129,38.94362082844059,19
2023-03-08,Product B,143,34.039578399882124,41
2023-03-08,Product C,151,47.679681302329044,19
2023-03-08,Product D,133,33.96360162261843,10
2023-03-09,Product A,174,63.26594159598005,33
2023-03-09,Product B,199,69.48865148129482,17
2023-03-09,Product C,96,38.08435619898341,29
2023-03-09,Product D,75,25.273336470426223,21
2023-03-10,Product A,76,20.874394137908155,37
2023-03-10,Product B,97,26.512218741271866,35
2023-03-10,Product C,97,30.059990952567713,21
2023-03-10,Product D,189,49.3477660580237,18
2023-03-11,Product A,89,35.528015707014056,23
2023-03-11,Product B,66,24.461895010291503,36
2023-03-11,Product C,158,53.66239345385457,30
2023-03-11,Product D,186,41.3070701245164,48
2023-03-12,Product A,61,19.28371647060297,39
2023-03-12,Product B,126,45.137763819014815,36
2023-03-12,Product C,76,24.33996678028598,32
2023-03-12,Product D,160,55.5644450967009,47
2023-03-13,Product A,127,45.52682416730016,14
2023-03-13,Product B,101,30.911412637794605,41
2023-03-13,Product C,81,26.94365610287135,21
2023-03-13,Product D,107,35.55720267852528,26
2023-03-14,Product A,189,74.24725402139181,42
2023-03-14,Product B,121,24.915904013999263,23
2023-03-14,Product C,202,64.88789778535889,11
2023-03-14,Product D,94,19.72413229856544,21
2023-03-15,Product A,127,33.964876592979934,37
2023-03-15,Product B,33,9.523515909858062,40
2023-03-15,Product C,125,47.0520532693328,16
2023-03-15,Product D,170,52.77105060861683,12
2023-03-16,Product A,123,38.70134796269385,35
2023-03-16,Product B,178,70.98464470487588,31
2023-03-16,Product C,90,31.188989868720245,48
2023-03-16,Product D,206,52.6772253077655,18
2023-03-17,Product A,143,51.468693951273416,10
2023-03-17,Product B,128,31.66753867133809,29
2023-03-17,Product C,140,55.40905445389297,31
2023-03-17,Product D,145,30.776897525512044,11
2023-03-18,Product A,98,19.780302362088506,29
2023-03-18,Product B,135,45.92381028750081,23
2023-03-18,Product C,129,50.549156448718165,27
2023-03-18,Product D,186,58.73765968967973,50
2023-03-19,Product A,188,42.772867315486906,26
2023-03-19,Product B,191,63.975908893799726,49
2023-03-19,Product C,130,50.826299888774024,17
2023-03-19,Product D,148,30.526795313768083,29
2023-03-20,Product A,69,21.002764576705808,37
2023-03-20,Product B,137,34.26678588641634,49
2023-03-20,Product C,187,43.6138524835935,12
2023-03-20,Product D,65,22.069034477204458,33
2023-03-21,Product A,109,34.76841393159135,31
2023-03-21,Product B,125,26.30664261696856,24
2023-03-21,Product C,62,22.02891319948067,22
2023-03-21,Product D,190,39.717756493378154,31
2023-03-22,Product A,59,12.434766233962995,24
2023-03-22,Product B,122,31.26281899819708,17
2023-03-22,Product C,90,19.743088272367793,26
2023-03-22,Product D,138,42.94621643296383,46
2023-03-23,Product A,133,49.82683961358832,50
2023-03-23,Product B,142,35.09681168278078,39
2023-03-23,Product C,72,16.770352374882698,46
2023-03-23,Product D,123,30.097834571979654,36
2023-03-24,Product A,176,69.26200419174981,37
2023-03-24,Product B,109,39.31663498021084,28
2023-03-24,Product C,199,70.83450291241468,20
2023-03-24,Product D,121,28.156231232446807,35
2023-03-25,Product A,149,33.87403836175959,40
2023-03-25,Product B,138,53.09878885857787,21
2023-03-25,Product C,126,31.205166871466066,36
2023-03-25,Product D,64,21.0384343728823,36
2023-03-26,Product A,128,44.531515568142964,18
2023-03-26,Product B,168,57.83679284904178,50
2023-03-26,Product C,117,39.04364054605233,41
2023-03-26,Product D,144,35.55864062609478,47
2023-03-27,Product A,69,14.850838743570609,32
2023-03-27,Product B,127,28.19999071327344,13
2023-03-27,Product C,143,46.75004140666602,46
2023-03-27,Product D,194,63.70848759286928,20
2023-03-28,Product A,196,57.66477096914607,37
2023-03-28,Product B,140,49.24376003963562,23
2023-03-28,Product C,77,26.08800271940102,12
2023-03-28,Product D,112,40.37849246152809,48
2023-03-29,Product A,75,17.299328516250366,28
2023-03-29,Product B,145,30.045799441790333,13
2023-03-29,Product C,72,14.51923876411112,41
2023-03-29,Product D,202,55.52221514022034,27
2023-03-30,Product A,144,30.611671579242092,27
2023-03-30,Product B,123,31.834268974386504,26
2023-03-30,Product C,65,15.602175841410967,41
2023-03-30,Product D,97,23.82510614846283,43
2023-03-31,Product A,76,26.36708192473536,24
2023-03-31,Product B,165,53.77763925012477,25
2023-03-31,Product C,150,49.92168346178445,36
2023-03-31,Product D,61,14.852929375196567,45
2023-04-01,Product A,74,26.45836979879295,33
2023-04-01,Product B,91,31.321584977981278,50
2023-04-01,Product C,67,26.60184185797725,32
2023-04-01,Product D,71,19.24878559993347,10
2023-04-02,Product A,195,43.828397038229724,24
2023-04-02,Product B,102,25.461279218092784,26
2023-04-02,Product C,153,47.22034560463588,34
2023-04-02,Product D,155,60.14215736690489,48
2023-04-03,Product A,64,25.430631227560294,15
2023-04-03,Product B,66,18.813974216056174,21
2023-04-03,Product C,94,20.809060633286844,30
2023-04-03,Product D,79,25.692923751525885,30
2023-04-04,Product A,196,70.3825349866848,16
2023-04-04,Product B,36,13.662503514253789,47
2023-04-04,Product C,171,50.76869310263517,44
2023-04-04,Product D,170,58.90261379364451,39
2023-04-05,Product A,64,21.111140293032292,14
2023-04-05,Product B,173,38.56146005505134,22
2023-04-05,Product C,202,59.682509786545374,38
2023-04-05,Product D,183,46.72948160281326,32
2023-04-06,Product A,154,55.23776107758301,50
2023-04-06,Product B,187,38.16898017146804,33
2023-04-06,Product C,140,35.87744571867547,33
2023-04-06,Product D,104,27.815632045249284,38
2023-04-07,Product A,141,33.22377812579504,25
2023-04-07,Product B,116,26.389121223504077,24
2023-04-07,Product C,45,16.70023067346909,25
2023-04-07,Product D,59,14.456874224395493,49
2023-04-08,Product A,159,45.00640260563474,15
2023-04-08,Product B,80,18.15662401905067,25
2023-04-08,Product C,158,57.26866092740068,21
2023-04-08,Product D,111,27.709838213526748,35
2023-04-09,Product A,94,22.93666240244277,46
2023-04-09,Product B,185,49.588980439797346,29
2023-04-09,Product C,121,47.69221779626182,38
2023-04-09,Product D,130,35.51121011866533,20
2023-04-10,Product A,190,58.48242569472914,38
2023-04-10,Product B,178,69.84191771858636,19
2023-04-10,Product C,169,53.278033946792995,44
2023-04-10,Product D,77,20.217058432520577,32
